timestamp,open,high,low,close,volume,macd,macd_signal,macd_histogram,bb_upper,bb_lower,bb_width,rsi,atr,stoch_k,stoch_d
2025-09-30 09:53:00,112763.5,112813.3,112720.0,112812.5,725.0235,,,,,,,,0.0,,
2025-09-30 09:54:00,112763.5,112847.0,112720.0,112786.0,722.6953,,,,,,,,0.0,,
2025-09-30 09:55:00,112786.1,112818.2,112691.5,112752.0,709.9228,,,,,,,,0.0,,
2025-09-30 09:56:00,112702.7,112781.3,112666.7,112755.3,1088.6221,,,,,,,,0.0,,
2025-09-30 09:57:00,112704.0,112797.7,112666.7,112708.7,881.2302,,,,,,,,0.0,,
2025-09-30 09:58:00,112708.7,112800.1,112669.9,112674.2,811.6575,,,,,,,,0.0,,
2025-09-30 09:59:00,112674.2,112755.3,112638.0,112739.4,840.8517,,,,,,,,0.0,,
2025-09-30 10:00:00,112739.8,112740.0,112624.0,112694.7,729.769,,,,,,,,0.0,,
2025-09-30 10:01:00,112695.5,112722.9,112611.0,112670.0,596.0966,,,,,,,,0.0,,
2025-09-30 10:02:00,112670.0,112681.4,112560.0,112627.7,1015.8434,,,,,,,,0.0,,
2025-09-30 10:03:00,112627.7,112718.4,112510.7,112679.0,3066.4036,,,,,,,,0.0,,
2025-09-30 10:04:00,112679.0,112750.0,112500.0,112735.6,5629.5314,,,,,,,,0.0,,
2025-09-30 10:05:00,112735.6,112771.1,112666.8,112755.3,889.4829,,,,,,,,0.0,,
2025-09-30 10:06:00,112755.3,112818.2,112666.7,112761.9,965.6227,,,,112828.6474680436,112621.68110338498,0.0018354281424719902,51.506034900532605,135.9214285714292,75.47550432276489,
2025-09-30 10:07:00,112808.9,112851.7,112727.3,112840.0,898.6953,,,,112838.677051472,112615.58009138516,0.001977108827426809,62.090725450416954,135.09846938775527,96.67330110890043,
2025-09-30 10:08:00,112840.0,112854.3,112738.0,112774.0,726.4459,,,,112835.99888821576,112616.5439689271,0.0019459708735050853,51.80095232787707,133.7557215743444,77.3355913068015,83.16146557948895
2025-09-30 10:09:00,112824.1,112932.8,112768.7,112883.0,1193.5198,17.81726691541553,,,112874.13159269525,112597.1255501619,0.002453921693553063,62.773325172991804,135.92317003332022,88.49353049907519,87.50080763825905
2025-09-30 10:10:00,112883.0,112933.4,112805.0,112880.0,623.465,26.46032865268353,,,112903.5228059787,112585.54862259272,0.0028169222482812544,62.35260230051158,135.3858007452255,87.67881864328683,84.50264681638784
2025-09-30 10:11:00,112880.0,112886.2,112776.8,112840.0,513.548,27.337992849992588,,,112919.30839141336,112588.52018001521,0.002931480072652843,56.87873416381965,133.52967212056612,78.44946931241452,84.87393948492551
2025-09-30 10:12:00,112840.0,112866.8,112763.0,112840.9,548.7044,27.36976086666982,,,112930.47800003154,112601.16485711133,0.002918384583251321,56.97026672260764,131.40612411195445,78.65712967235781,81.59513920935306
2025-09-30 10:13:00,112841.0,112842.0,112750.0,112819.2,577.9229,24.304816264193505,,,112937.79267480779,112605.25018233505,0.0029475700277323477,53.99426197852544,128.59140096110056,73.65020766036027,76.91893554837753
2025-09-30 10:14:00,112820.9,112826.0,112750.0,112819.2,620.4198,21.58572329794697,,,112942.137696821,112618.69087460755,0.002866948375927551,53.99426197852544,124.83487232102195,73.65020766036027,75.31918166435945
2025-09-30 10:15:00,112820.7,112866.8,112750.0,112866.8,596.5485,24.46176462256699,,,112948.72269145116,112640.22016569167,0.0027333327936956,59.39092224197188,124.26095286952058,84.63313336409963,77.31118289494005
2025-09-30 10:16:00,112866.8,112888.0,112750.0,112828.0,639.0368,21.535033572363318,,,112929.12747514187,112688.42966771527,0.0021333162639291087,53.846225494517824,125.24231337884054,75.68066451315283,77.98800184587091
2025-09-30 10:17:00,112828.0,112832.0,112750.0,112789.0,463.5782,14.646552017351496,21.033521047289728,-6.386969029938232,112911.65915152617,112721.61227704523,0.001684977032165665,48.90402976332835,122.15357670892335,66.68204891555234,75.66528226426827
2025-09-30 10:18:00,112779.0,112813.3,112738.0,112813.3,360.9664,12.222501756681595,19.2713171891681,-7.048815432486506,112904.8209470862,112739.5504814852,0.0014649909682723826,51.868328504156366,118.80689265828617,54.9681289838798,65.77694747086166
2025-09-30 10:19:00,112813.3,112904.8,112736.0,112837.8,1292.308,12.967047212092439,18.01046319375297,-5.04341598166053,112901.17456875397,112754.98257410318,0.0012955941594996018,54.72053583810944,122.37782889698022,64.15448068991664,61.93488619644959
2025-09-30 10:20:00,112880.0,112949.7,112812.5,112812.6,979.725,10.361620682204375,16.48069469144325,-6.119074009238876,112894.7958271203,112768.6041728797,0.0011185953895273763,51.349921439877015,123.43655540433858,38.3543165467649,52.492308740187106
2025-09-30 10:21:00,112812.6,112840.0,112736.0,112741.7,951.4063,0.42671787927974947,13.269899329010551,-12.843181449730801,112904.00995251445,112745.34719034268,0.0014073121318178053,43.273622901881645,122.04823001831438,2.6672905942897365,35.058695943657085
2025-09-30 10:22:00,112741.6,112813.3,112680.0,112680.0,773.7641,-13.307948697547545,7.954329723698933,-21.262278421246478,112926.95595064787,112708.97262078071,0.0019345343438689946,37.71451928091728,122.85192787414928,0.0,13.673869047018213
2025-09-30 10:23:00,112680.0,112735.8,112666.7,112692.1,346.5368,-21.130484881578013,2.1373668026435446,-23.267851684221558,112925.64243996794,112683.01470288918,0.002153014604207016,39.359752124275005,119.0125044545676,8.97526501767093,3.8808518706535557
2025-09-30 10:24:00,112666.7,112755.3,112638.0,112727.2,584.765,-22.11691767841694,-2.713490093568552,-19.403427584848387,112912.83732997288,112673.99124145569,0.0021187973134895156,43.98220988671506,118.89018270781298,28.61726018607569,12.530841734582205
2025-09-30 10:25:00,112728.0,112733.4,112625.0,112643.2,482.5742,-31.586132508848095,-8.488018576624462,-23.098113932223633,112920.12139790789,112638.5928878064,0.002499294321374826,36.76035811674755,118.14088394296878,5.605174006774639,14.399233070173752
2025-09-30 10:26:00,112691.5,112782.6,112625.0,112744.2,993.0522,-26.130623440796626,-12.016539549458896,-14.11408389133773,112909.56476370175,112635.33523629824,0.002432316051765973,47.848633158711344,120.95939223275715,36.71080997844107,23.6444147237638
2025-09-30 10:27:00,112744.2,112840.0,112691.5,112828.0,1066.4546,-12.402601777910604,-12.093751995149239,-0.30884978276136543,112911.21723953055,112634.9399033266,0.0024486593416878687,54.91243767293263,122.92657850184592,62.51924853711174,34.945077507442484
2025-09-30 10:28:00,112777.8,112837.5,112727.3,112814.1,780.724,-4.149831201633788,-10.50496783644615,6.355136634812363,112910.34317585001,112635.08539557857,0.0024399235580608875,53.615209275863165,122.0175371802853,58.238373883587165,52.48947746638
2025-09-30 10:29:00,112814.1,112831.6,112694.0,112760.4,640.9996,-4.308413736522198,-9.26565701646136,4.957243279939162,112891.393098664,112638.8354727646,0.0022397723482659826,48.817183147514974,123.13057023883677,41.70003079765796,54.15255107278563
2025-09-30 10:30:00,112760.4,112800.1,112680.0,112755.3,747.9616,-4.878337125177495,-8.388193038204587,3.509855913027092,112880.80177157637,112639.04108556651,0.0021441181568392824,48.37442052354596,122.91410093606314,40.12935016938838,46.68925161687784
2025-09-30 10:31:00,112750.0,112800.1,112679.1,112746.3,576.6466,-6.151905464852462,-7.940935523534162,1.7890300586817007,112876.71769259326,112637.02516454962,0.002125945845173108,47.55473174563506,122.77737944063006,37.3575608253785,39.72898059747495
2025-09-30 10:32:00,112747.7,112752.0,112666.7,112752.0,606.7168,-6.247164922780939,-7.602181403383518,1.355016480602579,112867.74491276439,112637.24080152133,0.002044346098012121,48.15392392463965,120.10042376629954,39.113027409917194,38.866646134894694
2025-09-30 10:33:00,112752.0,112797.7,112669.9,112755.3,663.0651,-5.792105661021196,-7.240166254911054,1.448060593889858,112850.71544409926,112642.48455590072,0.0018467503363348533,48.520628919110585,120.65039349727836,40.12935016938838,38.866646134894694
2025-09-30 10:34:00,112755.3,112807.9,112678.3,112806.8,747.2082,0.3877403881197097,-5.714584926304902,6.102325314424611,112849.18426476089,112643.18716381052,0.0018261053495920835,53.98992963059623,121.289651104615,84.55813953488507,54.60017237139689
2025-09-30 10:35:00,112807.9,112833.0,112720.0,112807.8,697.3463,4.761763819915359,-3.61931517706085,8.381078996976209,112859.07320373108,112642.74108198319,0.0019177053514729933,54.09192140337757,120.69753316857108,85.02325581395485,69.90358183940943
2025-09-30 10:36:00,112807.9,112833.0,112694.0,112829.5,708.7986,10.079316715477034,-0.8795887985532729,10.958905514030308,112869.09829773523,112654.0731308362,0.0019057530778654878,56.35297723024638,122.00485222795886,95.11627906976744,88.23255813953578
2025-09-30 10:37:00,112829.9,112829.9,112691.5,112800.6,595.0173,10.295666452788282,1.3554622517150383,8.940204201073243,112870.5910485896,112668.08037998185,0.0017952977963570124,52.6348971459519,123.17593421167567,81.67441860465387,87.27131782945872
2025-09-30 10:38:00,112802.0,112802.0,112687.5,112755.3,530.8588,5.15769425999315,2.115908653370661,3.041785606622489,112870.02251614098,112672.6631981447,0.001750332959925407,47.36016813730204,122.5562246251274,60.60465116279205,79.13178294573778
2025-09-30 10:39:00,112755.3,112817.4,112685.0,112813.3,717.6854,7.922609922738047,3.277248907244138,4.64536101549391,112850.34119313551,112716.64452115019,0.0011851144500278125,53.75081646170544,123.25935143761788,87.58139534883857,76.6201550387615
2025-09-30 10:40:00,112813.3,112816.9,112640.0,112720.0,943.7453,-0.7281301109760534,2.4761731036001002,-3.2043032145761536,112854.14562740528,112709.38294402328,0.0012842679505145128,44.41062738864255,127.09082633493048,40.0,62.72868217054355
2025-09-30 10:41:00,112720.0,112744.2,112638.0,112708.3,729.5489,-7.99091013155703,0.3827564565686743,-8.373666588125705,112850.30736906154,112696.12120236704,0.0013680107560357507,43.3923349386705,125.59862445386382,35.2380952380967,54.27316352897842
2025-09-30 10:42:00,112708.3,112780.0,112638.0,112752.0,770.2427,-7.959229401792982,-1.285640715103657,-6.673588686689325,112842.74999580979,112694.80714704735,0.0013121084216904276,48.17233111641414,126.77015127858783,58.46153846153846,44.566544566545055
2025-09-30 10:43:00,112752.0,112790.0,112689.4,112755.3,661.6146,-7.374135825608391,-2.5033397372046045,-4.870796088403787,112842.61873234645,112694.20983908212,0.0013162032584218687,48.525806395225615,124.90085475868912,60.153846153847645,51.28449328449427
2025-09-30 10:44:00,112755.3,112840.0,112720.0,112840.0,1013.7701,2.6235618523933226,-1.477959419285019,4.101521271678342,112857.56019310441,112691.36837832417,0.0014728094184707132,56.69041778334009,124.55079370449705,100.0,72.87179487179537
2025-09-30 10:45:00,112840.0,112868.0,112708.0,112864.6,1044.2971,12.204104398857453,1.2584533443434756,10.945651054513977,112877.25080621397,112688.57776521458,0.0016716759816575847,58.73751167018119,127.08287986846155,98.52173913043731,86.22519509476166
2025-09-30 10:46:00,112864.6,112892.8,112768.7,112887.5,1221.2177,21.07079790260468,5.220922255995717,15.849875646608965,112900.4388316852,112684.74688260048,0.0019106805366822834,60.6042695077614,126.8698170207147,97.91993720565037,98.81389211202922
2025-09-30 10:47:00,112887.5,112930.0,112800.0,112886.7,854.2898,26.59170210514276,9.495078225825125,17.096623879317633,112918.57132516993,112685.38581768723,0.002065659705551704,60.50129341338109,127.09340151923507,85.17123287671133,93.87096973759968
2025-09-30 10:48:00,112886.7,112933.4,112800.1,112886.7,672.5506,29.75203829196107,13.546470239052315,16.205568052908756,112933.00087458164,112682.3705539898,0.0022201935267117568,60.50129341338109,127.53672998214601,84.19092755585714,89.09403254607294
2025-09-30 10:49:00,112886.7,112901.3,112805.0,112883.7,583.0543,30.86901051265886,17.010978293773626,13.858032218885235,112944.99494034043,112681.21934537386,0.0023367022428089565,60.05747948132001,125.3055349834215,83.17535545023762,84.17917196093536
2025-09-30 10:50:00,112883.7,112909.1,112805.0,112908.9,646.3636,33.679040430361056,20.344590721091112,13.334449709269943,112960.4063226816,112677.15082017554,0.002508708370253115,62.54308522819697,123.79085391317753,91.70616113744059,86.35748138117845
2025-09-30 10:51:00,112909.1,112933.4,112805.0,112888.9,636.4215,32.56797369616106,22.789267316105104,9.778706380055958,112971.12596387463,112679.0454646968,0.0025873270018383363,59.38455925047014,124.12007863366443,84.93568043331047,86.60573234032955
2025-09-30 10:52:00,112889.3,112889.7,112800.0,112800.1,483.9279,21.129014628197183,22.457216778523524,-1.3282021503263408,112969.51312557684,112687.05830299458,0.002504029895206218,47.83386090848855,121.66150158840249,54.874746106976644,77.17219589257591
2025-09-30 10:53:00,112800.1,112866.8,112800.0,112866.8,320.1234,20.110005528651527,21.987774528549124,-1.8777689998975973,112974.50551477549,112689.7087709388,0.0025232995339346063,54.92573349114898,117.7428229035168,77.45429925524964,72.42157526517892
2025-09-30 10:54:00,112866.8,112958.0,112800.1,112958.0,1041.6417,29.042295397404814,23.39867870232026,5.643616695084553,112990.65685612071,112707.55742959358,0.0025062361809445035,62.4438201457703,120.61119269612232,100.0,77.44301512074209
2025-09-30 10:55:00,112958.0,113010.0,112833.0,112976.6,3772.1744,36.5672786301875,26.03239868789371,10.534879942293792,112999.7682387989,112736.77461834396,0.0023278592244318284,63.77102362563635,124.63896464639929,91.02150537634564,89.49193487719843
2025-09-30 10:56:00,112976.5,113010.0,112875.0,112930.0,7341.6611,35.68906262741075,27.963731475797122,7.725331151613627,112997.26255247803,112764.70887609341,0.002059272791858829,58.21984966820403,125.3790386002279,75.04678727386197,88.68943088340252
2025-09-30 10:57:00,112930.1,112999.0,112874.0,112888.0,613.7692,29.53402285691118,28.277789752019935,1.256233104891244,112980.81675676518,112800.1118146634,0.0016007453591328335,53.68404120501806,125.35196441449735,59.602649006622514,75.22364721894337
2025-09-30 10:58:00,112888.1,112999.0,112861.0,112875.6,525.7192,23.171673809250933,27.256566563466137,-4.084892754215204,112979.04468597063,112806.96959974368,0.0015244666360750131,52.386386492712546,126.25539552774754,55.49668874172378,63.38204167406942
2025-09-30 10:59:00,112875.8,112877.8,112819.0,112876.6,320.8416,18.311983756313566,25.467650002035626,-7.15566624572206,112978.89263877961,112808.83593264893,0.0015065718326976471,52.48613291419328,121.43715299005149,44.71612101119247,53.27181958651292
2025-09-30 11:00:00,112828.1,112900.0,112805.0,112883.0,669.9432,15.211161404731683,23.416352282574838,-8.205190877843155,112978.7120223378,112808.37369194793,0.0015089812495227234,53.16241108511792,119.54878491933353,39.523809523809526,46.57887309224193
2025-09-30 11:01:00,112840.0,112909.1,112800.1,112896.0,634.4069,14.136243201064644,21.5603304662728,-7.424087265208154,112979.28941319005,112809.12487252422,0.0015072681110565066,54.5766797804781,118.79530028223827,45.714285714285715,43.318072083095906
2025-09-30 11:02:00,112896.0,112944.9,112800.0,112883.7,934.0853,11.677380166394869,19.583740406297213,-7.9063602399023445,112979.17392149991,112808.81179278578,0.0015091827138384783,52.94764451964559,120.65992169064941,39.85714285714147,41.698412698412234
2025-09-30 11:03:00,112883.7,112910.1,112800.0,112877.8,650.4428,9.033539545722306,17.473700234182232,-8.440160688459926,112979.03635822098,112808.10649892189,0.0015142912007418312,52.143643989864884,119.90564156988914,37.04761904762044,40.87301587301587
2025-09-30 11:04:00,112877.8,112890.0,112800.0,112878.5,695.977,7.060426535244915,15.391045494394769,-8.330618959149854,112976.72876537255,112806.07123462747,0.0015118692288175687,52.236313792640004,117.76952431489705,37.38095238095238,38.095238095238095
2025-09-30 11:05:00,112830.8,112894.6,112800.0,112883.0,645.7579,6.021967502441839,13.517229896004185,-7.495262393562346,112976.4213746656,112805.53576819153,0.0015138294204979357,52.86816112136816,116.11455829240482,39.523809523809526,37.98412698412744
2025-09-30 11:06:00,112883.0,112930.0,112800.0,112883.7,734.3835,5.233107738953549,11.86040546459406,-6.62729772564051,112964.46555987328,112829.43444012672,0.0011961967914460945,52.97237787645428,117.10637555723305,39.85714285714147,38.920634920634456
2025-09-30 11:07:00,112883.7,112886.2,112800.0,112875.1,656.1334,3.6029551187966717,10.208915395434582,-6.60596027663791,112964.0323059299,112831.05340835583,0.0011781065759770457,51.46669154400913,114.89877730314477,35.76190476190753,38.38095238095284
2025-09-30 11:08:00,112876.9,112933.4,112800.0,112875.0,570.2757,2.375863057488459,8.642304927845359,-6.2664418703569,112948.83819068418,112834.39038074441,0.001013934085845116,51.44837924083347,116.22029321006258,35.714285714285715,37.111111111111576
2025-09-30 11:09:00,112875.0,112877.7,112766.0,112832.0,352.6334,-3.308937949273968,6.252056352421493,-9.560994301695462,112921.887142832,112840.68428573942,0.0007196793205170153,44.17053844669833,115.89741512362933,27.049180327868854,32.841790268020695
2025-09-30 11:10:00,112833.0,112857.3,112750.0,112828.0,509.6541,-7.601913016929757,3.481262478551243,-11.083175495481001,112913.51285866648,112834.48714133352,0.0007004087401439286,43.5533347964026,115.2833140433703,31.325301204819276,31.36292241565795
2025-09-30 11:11:00,112828.0,112859.2,112750.0,112832.0,620.1248,-9.93774977933208,0.7974600269745789,-10.735209806306658,112914.54914140582,112825.45085859418,0.0007896543782937408,44.390155006659704,114.84879161170079,32.93172690763052,30.43540281343955
2025-09-30 11:12:00,112832.0,112848.6,112750.0,112819.2,576.1794,-12.729494953833637,-1.9079309691870643,-10.821563984646573,112918.0874299529,112813.85542718993,0.0009238853206099777,42.23253158356711,113.68816363943687,35.5053873781422,33.254138496863995
2025-09-30 11:13:00,112819.2,112849.7,112750.0,112840.0,615.0277,-12.034170754646766,-3.933178926279005,-8.10099182836776,112916.86251922246,112809.85176649183,0.0009483405949186859,46.76105363826196,112.68900909376259,46.17752693689209,38.20488040755493
2025-09-30 11:14:00,112840.0,112866.8,112755.3,112845.1,682.8021,-10.689646104467101,-5.284472361916624,-5.4051737425504776,112913.6967974999,112807.60320250012,0.0009401701535979867,47.840736302364874,112.60407987277956,48.79425346331897,43.49238925945108
2025-09-30 11:15:00,112845.1,112846.5,112755.3,112828.1,626.6909,-11.385045207935036,-6.504586931120307,-4.880458276814729,112907.28145976945,112804.31854023055,0.0009125645077680015,44.59428209213279,111.07521702472367,40.07183170857268,45.014537369594585
2025-09-30 11:16:00,112828.1,112833.5,112749.0,112800.0,405.3637,-14.706924953337875,-8.14505453556382,-6.561870417774054,112906.63964858044,112793.00320856243,0.0010074152483866782,39.788035934003815,109.17698723724341,27.6572668112807,38.84111732772411
2025-09-30 11:17:00,112801.4,112831.5,112733.4,112829.5,643.0682,-13.362621445136028,-9.188567917478263,-4.174053527657765,112901.68255313052,112791.06030401232,0.0009804372891681515,46.32799502610921,108.38577386315501,48.05000000000291,38.593032839952095
2025-09-30 11:18:00,112830.8,112847.9,112733.4,112813.9,777.0823,-13.836618490196997,-10.11817803202201,-3.718440458174987,112896.27687506478,112787.23741064953,0.0009665428144515416,43.62927694154875,108.82250430150108,40.25,38.65242227042787
2025-09-30 11:19:00,112814.1,112814.1,112694.0,112784.6,463.4773,-17.07823080556409,-11.510188586730427,-5.5680422188336625,112891.71824417716,112777.73889867998,0.0010105931616300494,39.03046694759114,109.62803970853713,37.8446115288254,42.048203842942776
2025-09-30 11:20:00,112787.5,112819.2,112704.0,112800.0,661.5558,-17.186549670353997,-12.645460803455142,-4.541088866898855,112880.85254048501,112776.64745951499,0.0009238039093086511,42.463281360098804,110.02603687221283,44.27736006683483,40.79065719855341
2025-09-30 11:21:00,112800.0,112861.0,112733.4,112848.0,832.6868,-11.503744202316739,-12.417117483227463,0.913373280910724,112873.054485757,112780.57408567156,0.0008195129739600987,51.60881254831474,111.28131995276946,64.32748538011852,48.81648565859291
2025-09-30 11:22:00,112848.0,112885.7,112765.0,112845.1,924.4589,-7.613070194711327,-11.456308025524237,3.8432378308129103,112863.30472480929,112786.05241804784,0.0006845871620606736,51.08053671865582,111.95408281328572,78.82107459572671,62.47530668089335
2025-09-30 11:23:00,112845.1,112850.4,112750.0,112768.9,335.2407,-13.201911122901947,-11.805428644999779,-1.3964824779021683,112868.80836823657,112771.53448890628,0.0008625949116315326,39.60795928099491,111.12879118376489,39.07146583202677,60.740008602623995
2025-09-30 11:24:00,112765.0,112775.9,112736.0,112775.7,320.0216,-15.984272477639024,-12.64119741152763,-3.3430750661113944,112870.35862801441,112762.51280055703,0.0009562860390791511,40.88395593290264,106.04102038492412,42.61867501304034,53.50373848026461
2025-09-30 11:25:00,112777.9,112819.2,112722.0,112800.0,527.3476,-14.813206933322363,-13.075599315886578,-1.7376076174357848,112867.94056260155,112760.35943739847,0.0009537333794599601,45.32931067558742,105.4095189288579,55.29473135107022,45.66162406537911
2025-09-30 11:26:00,112800.0,112828.0,112708.0,112781.8,458.7206,-15.6600453981373,-13.592488532336723,-2.067556865800576,112867.90173887768,112755.05540397945,0.0010005722102168363,42.73718096974636,106.4516961482252,45.80073030777478,47.90471222396178
2025-09-30 11:27:00,112781.8,112819.2,112691.5,112800.0,629.017,-13.836623956594849,-13.641315617188349,-0.19530833940650005,112862.777073014,112754.46578412884,0.0009602064617478816,46.0590383484666,107.96943213763747,55.870236869207844,52.32189950935094
2025-09-30 11:28:00,112800.0,112851.7,112742.0,112828.0,899.6922,-9.123230763492757,-12.737698646449232,3.6144678829564754,112858.6384630916,112756.16153690839,0.0009082579340519341,50.788842568144574,108.09304412780601,70.28836251287439,57.319776563285664
2025-09-30 11:29:00,112828.0,112854.3,112755.3,112828.1,634.0938,-5.62821248768887,-11.31580141469716,5.68758892700829,112858.63846309161,112756.1615369084,0.0009082571290592646,50.80543340415089,107.44354097581986,70.33985581874761,65.49948506694328
2025-09-30 11:30:00,112828.1,112883.0,112755.3,112883.0,1151.2887,3.0270646532881074,-8.447228201100108,11.474292854388215,112878.54717766936,112748.10996518779,0.0011555080258459722,58.98145405625987,108.89043090611823,98.60968074150509,79.74596635770904
2025-09-30 11:31:00,112883.0,112897.6,112800.0,112883.0,865.6425,8.936217623529956,-4.970539036174095,13.906756659704051,112892.22151740167,112742.07848259834,0.0013300765819771962,58.98145405625987,108.08397155568163,92.91606016496584,87.28853224173952
2025-09-30 11:32:00,112883.0,112930.0,112800.0,112866.7,667.5637,10.989799488786957,-1.7784713311818847,12.768270819968842,112900.56480823972,112741.27804890313,0.00141128215263311,55.78876783978558,109.64940215884722,73.45911949685413,88.32828680110835
2025-09-30 11:33:00,112867.1,112867.1,112755.3,112840.0,595.9575,9.171540050228941,0.41153094510028043,8.760009105128661,112902.164448049,112747.59269480815,0.0013698312056084707,50.92594753916504,109.80301629035834,62.264150943396224,76.21311020173873
2025-09-30 11:34:00,112840.0,112866.8,112750.0,112849.0,662.4399,8.688014017403475,2.0668275595609193,6.621186457842556,112905.23816890987,112751.51897394728,0.0013621670990667607,52.43109999552018,110.30280084104723,66.0377358490566,67.25366876310233
2025-09-30 11:35:00,112849.0,112889.3,112768.7,112883.0,800.5765,11.91698332762462,4.03685871317366,7.880124614450961,112912.72209728729,112749.03504556986,0.0014500593687040986,57.70831348807368,111.03831506668713,80.29350104821803,69.53179594689028
2025-09-30 11:36:00,112883.0,112946.0,112800.0,112883.0,769.2363,13.855110669799615,6.000509104498851,7.854601565300763,112919.94587697653,112747.2255515949,0.0015300826996238635,57.70831348807368,113.53557827620948,75.24557956777996,73.85893882168487
2025-09-30 11:37:00,112883.0,112944.0,112818.2,112944.0,862.6432,21.630726840463467,9.126552651691775,12.504174188771692,112942.47986573316,112749.70584855258,0.0017068106068545304,65.63984352107167,114.41160839933757,99.21414538310412,84.91774199970071
2025-09-30 11:38:00,112944.0,112944.0,112817.4,112916.7,419.5157,23.439036122872494,11.989049345927919,11.449986776944575,112950.25281012073,112762.07576130782,0.0016665121174539407,60.19851161184255,115.2822077993853,88.4872298624743,87.64898493778612
2025-09-30 11:39:00,112916.7,112950.0,112828.4,112944.0,742.0919,27.143816957075614,15.020002868157459,12.123814088918156,112965.55956777718,112767.34043222279,0.0017550213871864904,63.460517607811546,115.73347867085819,97.678916827853,95.12676402447714
2025-09-30 11:40:00,112944.0,112973.3,112866.8,112960.0,895.6609,30.812706991651794,18.178543692856326,12.634163298795468,112977.19794311082,112781.15919974631,0.0017354704617962842,65.2576758894262,115.0739444800826,95.28034066713883,93.81549578582205
2025-09-30 11:41:00,112960.0,112999.0,112880.0,112960.0,758.262,32.58841597872379,21.06051815002982,11.527897828693966,112986.07754258913,112795.13674312516,0.001690339938597529,65.2576758894262,115.35437701721956,84.8249027237354,92.59472007290908
2025-09-30 11:42:00,112960.0,112992.0,112880.0,112946.9,670.8525,31.555858834501123,23.159586286924082,8.396272547577041,112991.62036478521,112806.5796352148,0.0016382984355516289,62.3459347793306,115.11477865884673,79.0763052208812,86.39384953725181
2025-09-30 11:43:00,112946.9,112979.0,112883.0,112968.7,673.5612,32.48505738087988,25.024680505715242,7.460376875164638,112998.88262090445,112819.40309338126,0.0015887544737895377,65.13394194633844,113.74943732607197,87.83132530120365,83.91084441527342
2025-09-30 11:44:00,112968.7,112979.0,112883.0,112946.9,615.4747,29.903143847972387,26.000373174166672,3.9027706738057155,113004.23410638176,112823.18017933251,0.00160300041036314,60.323825669086496,112.48162037420968,79.0763052208812,81.99464524765534
2025-09-30 11:45:00,112946.9,112960.0,112866.8,112950.0,734.6381,27.724212421569973,26.345141023647336,1.3790713979226368,113009.11302666922,112827.87268761647,0.0016046068087892608,60.76751997780419,111.10436177605165,80.32128514056225,82.4096385542157
2025-09-30 11:46:00,112950.0,112960.9,112861.0,112939.1,640.9386,24.322131128719775,25.940539044661826,-1.6184079159420506,113009.58782221617,112837.7407492124,0.001521590600631368,58.29884722869743,110.30405022061896,75.94377510040394,78.44712182061579
2025-09-30 11:47:00,112939.0,112999.0,112861.0,112946.9,813.8885,22.236195145291276,25.199670264787716,-2.96347511949644,113002.65048282941,112859.9495171706,0.0012634341062819766,59.56476294671225,112.2823323477176,79.0763052208812,78.4471218206158
2025-09-30 11:48:00,112946.9,113000.1,112880.0,112950.0,1029.6603,20.58946915315755,24.277630042461688,-3.688160889304136,112991.78655711311,112885.24201431544,0.0009432894448664587,60.08339824001055,112.8407371800239,78.34917891097497,77.78975307742003
2025-09-30 11:49:00,112950.0,113039.4,112883.0,113025.2,877.6251,27.298165525178774,24.881737139005107,2.416428386173667,113010.14685292939,112887.19600421346,0.0010878180150615333,70.10161862492446,115.95211309573607,94.06850459482146,83.83132957555921
2025-09-30 11:50:00,113025.2,113044.4,112960.0,113043.2,677.6674,33.262247818813194,26.557839274966724,6.704408543846469,113028.36386373494,112891.86470769366,0.0012074955065079062,71.91838250699185,113.69839073175451,99.47136563876781,90.62968304818808
2025-09-30 11:51:00,113000.0,113081.3,112966.2,113010.7,886.9098,32.95316279171675,27.836903978316734,5.116258813400016,113037.55708837131,112892.20005448585,0.001286223639756788,64.3188853205842,113.79850567948675,73.24744221295813,88.92910414884913
2025-09-30 11:52:00,113045.4,113083.0,113000.0,113000.0,521.8963,30.736927148507675,28.416908612354923,2.3200185361527517,113039.99090872279,112901.66623413436,0.001224112164499331,61.996175550499906,111.59861241666627,67.39984289080986,80.03955024751194
2025-09-30 11:53:00,113000.0,113066.8,113000.0,113000.0,364.4736,28.44577837914403,28.422682565712748,0.023095813431282863,113043.7792559792,112905.87788687795,0.0012203660982411635,61.996175550499906,108.39871152976174,62.612612612612615,67.75329923879353
2025-09-30 11:54:00,113018.5,113018.5,113000.0,113000.0,319.003,26.159409393454553,27.97002793126111,-1.8106185378065582,113047.31700682004,112908.0544217514,0.0012324122572446498,61.996175550499906,101.97737499192161,62.612612612612615,64.20835603867836
2025-09-30 11:55:00,113000.0,113083.0,113000.0,113000.1,401.8137,23.94390961584577,27.164804268178045,-3.2208946523322766,113050.35018355996,112910.74981644007,0.0012354003856623582,62.012188487108524,100.62184820678435,62.65765765766028,62.6276276276285
2025-09-30 11:56:00,113022.6,113250.0,113000.1,113013.0,3173.8346,23.25433175438957,26.38270976542035,-3.128378011030783,113054.1827672611,112916.36008988174,0.0012195294114779507,64.11285441437772,111.28457333487076,39.0745501285347,54.781606799602535
2025-09-30 11:57:00,113022.6,113133.4,113000.0,113100.0,829.5467,31.87007220191299,27.48018225271888,4.38988994919411,113086.41388137502,112902.886118625,0.0016227034725907882,74.39614826417304,112.86424666809386,61.43958868894602,54.390598825047
2025-09-30 11:58:00,113100.0,113120.0,113044.0,113070.7,16033.9982,33.78416258041398,28.740978318257902,5.043184262156075,113099.30193878447,112907.68377550125,0.0016946756611855753,67.39230101520761,110.23108619180144,53.90745501285272,51.47386461011115
2025-09-30 11:59:00,113070.7,113095.2,113010.0,113010.0,11485.3142,27.528863025276223,28.49855525966157,-0.9696922343853451,113098.3895537928,112917.16758906437,0.001603592290314454,55.6944989222792,108.44315146381541,38.303341902313626,51.21679520137079
2025-09-30 12:00:00,113055.9,113106.7,113020.0,113044.9,12640.5219,26.402264245814877,28.079297056892234,-1.677032811077357,113098.44280378481,112932.22862478661,0.0014703377065059804,59.994200889634385,107.60435493068553,47.275064267350686,46.49528706083901
2025-09-30 12:01:00,113069.8,113133.4,113020.0,113063.6,13303.458,27.049251157644903,27.87328787704277,-0.824036719397867,113100.21456346945,112947.12829367344,0.0013539836852533532,62.11569064200004,108.0183295784933,49.62162162162319,45.06667593042916
2025-09-30 12:02:00,113089.9,113105.3,113043.3,113069.2,13079.3411,27.450890228603384,27.788808347354895,-0.3379181187515101,113099.13680912378,112965.23461944766,0.0011842499078097838,62.752697226569765,104.73130603717235,50.73569482288749,49.21079357062046
2025-09-30 12:03:00,113069.2,113100.0,113033.1,113039.4,11305.1318,23.739655753495754,26.97897782858307,-3.2393220750873155,113100.1248429211,112966.27515707887,0.0011840976318189015,57.237302197764684,102.02906989165963,27.37931034482558,42.57887559644542
2025-09-30 12:04:00,113039.4,113170.0,113020.0,113068.7,11520.7497,23.843255233572563,26.35183330958097,-2.5085780760084084,113104.51806679959,112965.52479034325,0.001229281635468895,60.8781279474249,105.45556489939824,36.11698379140203,38.07732965303837
2025-09-30 12:05:00,113068.7,113136.0,113043.2,113078.7,12530.245,24.437268325142213,25.96892031269322,-1.5316519875510082,113111.57496412039,112968.18217873677,0.0012680795356121112,62.06523334053506,104.55159597801286,31.479999999998835,31.65876471207548
2025-09-30 12:06:00,113078.7,113105.3,113020.0,113046.0,11299.4035,20.61122136807535,24.897380523769648,-4.2861591556943,113111.01428000329,112975.31429142528,0.001200396197813365,56.073409339587435,103.17648197958358,18.4,28.66566126380029
2025-09-30 12:07:00,113053.6,113120.0,113020.0,113053.5,2791.0012,18.290467388666002,23.57599789674892,-5.285530508082918,113110.12031335801,112983.85111521343,0.0011168977355374432,57.09647112992385,102.94959040961332,21.4,23.75999999999961
2025-09-30 12:08:00,113053.6,113133.3,113020.0,113055.0,4893.9404,16.401045689592138,22.141007455317563,-5.739961765725425,113107.85930393379,112993.96926749479,0.0010073861079916786,57.31061661803618,103.68890538035544,22.0,20.599999999999998
2025-09-30 12:09:00,113055.0,113055.0,113020.0,113050.0,12812.9467,14.134259189275326,20.53965780210912,-6.4053986128337925,113103.19832435303,113005.75881850414,0.0008619151335593814,56.30182420183456,98.78255499604434,20.0,21.133333333333336
2025-09-30 12:10:00,113050.0,113131.0,112962.1,112962.1,9560.672,2.45143743128574,16.922013727944446,-14.470576296658706,113117.63746470978,112984.04824957595,0.001182602086308894,42.22900446156908,103.7909439248979,0.0,14.0
2025-09-30 12:11:00,112981.3,113066.8,112944.0,112944.0,10351.6712,-7.697215572537971,11.998167867847963,-19.695383440385932,113121.85007973225,112957.54992026772,0.0014547046276431864,40.011241777480585,105.14873364454827,0.0,6.666666666666669
2025-09-30 12:12:00,112960.0,113000.0,112888.0,112968.7,731.4861,-11.77906911658647,7.242720470961077,-19.021789587547545,113120.7304541095,112944.09811731904,0.0015635511145164077,44.30946237387126,105.63810981279482,28.617021276594713,9.53900709219824
2025-09-30 12:13:00,112920.5,113047.2,112897.6,113012.9,696.3376,-9.399138995999238,3.9143485775690143,-13.313487573568253,113120.7194116642,112944.52344547864,0.0015590783546441632,51.066209787250806,108.778244826166,44.29078014184191,24.302600472812212
2025-09-30 12:14:00,113020.9,113040.0,112899.8,112933.4,811.8255,-16.35501103621209,-0.13952334518720644,-16.215487691024883,113127.29816535796,112922.0161203563,0.0018177265981689991,41.348832448817255,111.02265591001108,16.09929078013978,29.6690307328588
2025-09-30 12:15:00,112963.4,113000.1,112888.0,112902.3,793.1509,-24.215737112492207,-4.954766098648207,-19.260971013844,113132.24918801984,112894.02224055157,0.0021100274083722735,38.28005143468522,111.09960905929643,5.070921985816635,21.82033096926611
2025-09-30 12:16:00,112902.3,113000.1,112883.0,112883.0,837.6016,-31.196838174801087,-10.203180513878783,-20.993657660922302,113133.07402043304,112866.59740813839,0.0023606443157485695,36.471075372920495,111.52820841220424,0.0,7.05673758865214
2025-09-30 12:17:00,112904.1,113055.0,112880.0,113020.0,1089.0565,-20.030763892558753,-12.168697189614775,-7.862066702943977,113130.27934735865,112866.62065264134,0.0023328498913228234,53.330461435040455,116.0619078113325,48.275862068965516,17.782261351594055
2025-09-30 12:18:00,113020.0,113020.8,112888.0,112968.7,655.7659,-17.516422070460976,-13.238242165784017,-4.278179904676959,113117.31597915447,112865.29830655981,0.0022308628194771278,48.17493658359632,117.25748582480897,34.64843749999886,27.641433189654794
2025-09-30 12:19:00,112968.7,112992.0,112888.0,112905.2,571.11,-22.40116298184148,-15.07082632899551,-7.33033665284597,113101.92102821241,112855.90754321613,0.002178938481099877,42.67551114329146,116.31052255160833,9.948677457558942,30.95765900884111
2025-09-30 12:20:00,112905.2,113021.8,112888.0,112933.4,781.6766,-22.0918193407706,-16.47502493135053,-5.61679440942007,113089.53174038629,112852.21111675656,0.002101421046649853,45.64314653693513,117.55977094077937,21.081721279113133,21.89294541222365
2025-09-30 12:21:00,112981.7,113043.3,112929.0,113012.4,739.7354,-12.554697333587683,-15.69095941179796,3.1362620782102777,113079.44742633874,112856.42400223267,0.0019734420657031263,52.98593213377088,117.32693015929534,52.27003553098802,27.76681142255337
2025-09-30 12:22:00,113012.5,113020.0,112896.0,113000.0,795.0341,-7.028916752489749,-13.95855087993632,6.929634127446571,113065.51032962976,112862.50395608452,0.0017965165800463915,51.80305086865314,117.80357800505996,47.808764940239044,40.386840583446734
2025-09-30 12:23:00,113000.0,113001.1,112888.0,112993.0,632.6198,-3.812848282774212,-11.929410360503898,8.116562077729686,113050.29735396204,112869.57407460937,0.0015994201353418196,51.10939769810377,117.46760814755609,45.0199203187251,48.36624026331739
2025-09-30 12:24:00,112992.0,112994.9,112888.0,112966.3,592.0581,-4.461915802894509,-10.43591144898202,5.973995646087511,113050.65757184791,112869.81385672353,0.0016008642854053394,48.444797315147355,116.71277899415881,46.19914346895159,46.34260957597191
2025-09-30 12:25:00,112966.3,112993.2,112888.0,112966.7,710.9281,-4.756038636493031,-9.299936886484222,4.543898249991191,113051.82740294345,112871.88688277084,0.0015928633851623405,48.48812565897155,115.89043763743298,49.54285714285548,46.92064031017739
2025-09-30 12:26:00,112966.7,113043.5,112888.0,113043.5,892.9469,3.691383568337187,-6.70167279551994,10.393056363857127,113067.467939542,112866.932060458,0.001773970896902488,56.11432697348486,118.71969209190206,93.42857142857143,63.05685734679284
2025-09-30 12:27:00,113043.5,113043.9,112960.0,112994.1,1176.7738,3.9515425354329636,-4.57102972932936,8.522572264762324,113063.9171760001,112867.79710971419,0.0017356664311315294,50.89486986220275,116.23257122819436,65.20000000000333,69.39047619047676
2025-09-30 12:28:00,112994.2,113020.0,112913.0,112992.0,386.2656,3.8005032401852077,-2.8967231354264467,6.697226375611654,113067.10958985804,112872.97612442769,0.0017181169058902404,50.67906699280266,115.57310185475191,64.0,74.20952380952492
2025-09-30 12:29:00,112992.0,113034.9,112907.0,113010.7,723.3532,5.680019202976837,-1.18137466774579,6.861393870722627,113068.5199096037,112887.05151896772,0.001605762911263902,52.606200185486244,116.45359457941207,74.68571428571262,67.96190476190532
2025-09-30 12:30:00,113010.7,113021.3,112944.9,113006.6,663.8602,6.383634703117423,0.3316272064268527,6.05200749669057,113059.55557032052,112913.67300110808,0.0012909207888073561,52.125298897754625,113.59262353802612,72.34285714286047,70.34285714285771
2025-09-30 12:31:00,113006.6,113033.3,112925.0,113012.9,653.7549,7.4124643154937075,1.7477946282402237,5.664669687253484,113058.11993078404,112914.09435493025,0.0012744171316176906,52.83872002492468,113.21457899959589,80.11545862732447,75.7146766852992
2025-09-30 12:32:00,113012.9,113034.9,112936.0,113030.0,625.4874,9.840730113777681,3.3663817253477153,6.474348388429966,113065.40379955227,112915.56762901918,0.0013256318723621153,54.807279848953094,112.1921090710529,91.08402822322341,81.18078133113613
2025-09-30 12:33:00,113030.0,113043.2,112946.9,113020.0,765.5794,10.165439057920594,4.726193191862292,5.439245866058302,113056.12598500242,112941.24544356902,0.0010164620547992002,53.40342968778331,111.05695842312075,84.66966003848937,85.2897156296791
2025-09-30 12:34:00,113020.0,113044.0,112933.4,113010.7,599.1272,9.10559736356663,5.60207402620316,3.503523337363471,113047.42528748425,112960.98899823002,0.0007648504898582764,52.067700134040244,111.02431853575538,78.65384615384428,84.80251147185236
2025-09-30 12:35:00,113010.7,113083.0,112946.9,113070.2,1228.6537,14.759148849843768,7.433488990931282,7.325659858912487,113064.40119765126,112952.27023092017,0.0009916933615672849,59.11374520788556,112.81543864034471,93.43589743589594,85.58646787607654
2025-09-30 12:36:00,113072.2,113072.9,112960.0,113039.4,601.2943,14.881131387272035,8.923017470199433,5.958113917072602,113069.37795398272,112952.9220460173,0.0010302240454693513,54.63642783058873,112.82147873746253,77.64102564102265,83.24358974358762
2025-09-30 12:37:00,113039.4,113100.0,112960.0,113080.0,846.1683,19.10914076163317,10.96024212848618,8.14889863314699,113085.25850951143,112949.47006191716,0.0012008175415128238,59.04040500613753,114.76280168478662,90.56603773584905,87.21432027092256
2025-09-30 12:38:00,113080.0,113106.7,113010.7,113080.0,627.8906,21.56037833497976,13.080269369784897,8.480108965194862,113094.28389086055,112956.6875377109,0.001216805386891163,59.04040500613753,113.42260156444472,87.79149519890377,85.33285285859183
2025-09-30 12:39:00,113040.0,113108.5,113010.7,113088.0,595.6396,23.611594970017904,15.1865344898315,8.425060480186405,113101.56363307986,112966.73636692016,0.0011922331826515653,59.92939532166088,112.30670145269887,90.70294784580499,89.68682692685262
2025-09-30 12:40:00,113088.0,113151.3,113010.7,113138.4,1103.5917,30.046717706078198,18.15857113308084,11.888146572997357,113128.89370258874,112952.96344026839,0.001555000444768132,65.07259028753569,114.32765134893509,94.71960704052043,91.07135002840973
2025-09-30 12:41:00,113138.4,113166.7,113040.3,113129.9,602.9223,32.80935274074727,21.088727454614126,11.720625286133146,113146.15695673905,112955.10018611807,0.001688826478419799,63.590174001604005,115.18996196686787,85.82980361955975,90.41745283529507
2025-09-30 12:42:00,113130.1,113164.7,113040.3,113140.0,662.8735,35.03143738838844,23.87726944136899,11.154167947019449,113161.52977823175,112960.87022176821,0.001773550967505174,64.6215061468167,115.84782182637689,89.71890643049774,90.08943903019265
2025-09-30 12:43:00,113140.0,113180.0,113074.5,113177.9,912.6887,39.91383078950457,27.08458171099611,12.829249078508465,113186.82521989118,112959.46049439453,0.002008914509781937,68.25525053688946,115.1086916959214,99.17647058823302,91.5750602127635
2025-09-30 12:44:00,113178.0,113208.0,113066.8,113080.0,1063.4861,31.426008183145314,27.95286700542595,3.473141177719363,113185.26165217653,112971.50977639487,0.001890271275041191,53.087111653702934,116.97235657478394,54.77031802120141,81.22189834664407
2025-09-30 12:45:00,113127.2,113200.1,113074.5,113131.0,615.7982,30.44859975941654,28.45201355622407,1.996586203192468,113189.92239086107,112983.7204662818,0.001822682771117344,58.287487674457445,117.58861681944265,71.95921340131159,75.30200067024869
2025-09-30 12:46:00,113175.0,113200.0,113069.0,113136.0,745.752,29.576598879808444,28.676930620940947,0.8996682588674965,113195.00003096784,112993.78568331787,0.0017785174272554876,58.77003515301216,118.54657276091102,73.78004369992772,66.83652504081358
2025-09-30 12:47:00,113136.0,113165.8,113074.5,113151.5,588.6904,29.96566990428255,28.934678477609268,1.0309914266732818,113198.74207426257,113008.82935430885,0.0016783933041428342,60.30315488306114,116.60038899227472,79.42461762563772,75.05462490895901
2025-09-30 12:48:00,113151.5,113151.5,113055.0,113125.0,445.9435,26.55031975073507,28.45780673223443,-1.9074869814993605,113190.2766520736,113033.62334792639,0.0013847805891466424,56.43911031946548,115.16464692139796,68.21141325162844,73.80535819239797
2025-09-30 12:49:00,113125.0,113130.2,113013.0,113080.0,505.1724,18.53352656432253,26.472950698652053,-7.939424134329524,113189.496545954,113035.80345404602,0.001359153624937876,50.51926402137275,115.31002928415504,48.38709677419355,65.34104255048658
2025-09-30 12:50:00,113080.0,113106.7,113010.7,113074.5,598.0108,11.922323211620096,23.562825201245662,-11.640501989625566,113183.31854909306,113046.9957366212,0.0012056017269309962,49.83129746608929,113.93074147814397,46.16935483870968,54.2559549548439
2025-09-30 12:51:00,113074.5,113090.0,113010.7,113072.9,626.5579,6.879458592185983,20.226151879433726,-13.346693287247742,113184.06167138933,113045.23832861066,0.0012277331065061723,49.619604908727055,111.45711708684817,31.525595539785186,42.02734905089615
2025-09-30 12:52:00,113072.9,113101.0,113010.7,113080.0,783.573,4.012059383894666,16.983333380325913,-12.971273996431247,113184.06167138933,113045.23832861066,0.001227656020327748,50.62204752462401,109.9458944377878,35.12417638114642,37.6063755865471
2025-09-30 12:53:00,113080.0,113120.0,113003.6,113072.9,681.0252,1.1417078476806637,13.815008273796863,-12.6733004261162,113185.25262903613,113041.89022810674,0.0012678758652991595,49.56007186475749,110.4069019779454,33.904109589036366,33.51796050332266
2025-09-30 12:54:00,113072.9,113102.5,112999.0,113057.7,409.9788,-2.559811926665134,10.540044233704466,-13.0998561603696,113183.83863912716,113031.77564658712,0.0013450034145400323,47.27361208875908,109.91355183666359,28.086124401912482,32.37147012403177
2025-09-30 12:55:00,113058.8,113059.1,112958.0,113020.0,393.8536,-9.244570982336882,6.583121190496197,-15.827692172833078,113188.1839143047,113011.7303714096,0.0015612594487266964,42.08723086882104,109.28401241975946,24.8,28.93007799698296
2025-09-30 12:56:00,113020.0,113054.8,112958.0,113020.0,613.0449,-13.637871786719188,2.53892259505312,-16.176794381772307,113186.08905741601,112996.68237115545,0.0016758687511995104,42.08723086882104,108.39229724691971,24.8,25.8953748006375
2025-09-30 12:57:00,113020.0,113040.0,112946.9,113010.7,534.4844,-17.371811311051715,-1.4432241861678472,-15.928587124883869,113169.06839814568,112989.81731614003,0.0015861425688509906,40.806419700288785,107.29999030071157,24.435082343930098,24.678360781310044
2025-09-30 12:58:00,113010.7,113027.9,112890.0,112890.0,569.4376,-32.93547786338604,-7.741674921611486,-25.193802941774553,113201.97909771628,112929.76375942657,0.002411332609528821,28.62910499564245,109.48570527923175,0.0,16.411694114643378
2025-09-30 12:59:00,112932.7,112946.1,112875.0,112936.0,418.0371,-37.77121084120881,-13.747582105530952,-24.02362873567786,113199.07057411024,112904.81514017547,0.0026055060736591504,36.416667877105894,106.74386918785846,18.76923076923077,14.401437704386964
2025-09-30 13:00:00,112936.0,112946.9,112848.0,112848.0,390.089,-49.95958892858471,-20.989983470141706,-28.969605458443002,113206.46099736416,112856.28185977868,0.003103104508591033,29.732826381416416,106.18359281729673,0.0,6.256410256410266
2025-09-30 13:01:00,112897.6,112933.3,112833.0,112883.7,437.9852,-53.18588516359159,-27.429163808831685,-25.756721354759907,113189.34780060862,112835.13791367707,0.0031378302352912985,34.94897890794407,105.76333618749003,15.918367346937861,11.562532705389552
2025-09-30 13:02:00,112884.4,112884.6,112800.0,112800.0,703.4424,-63.4031792232563,-34.62396689171661,-28.77921233153969,113186.95393236041,112791.10321049673,0.003509314910139012,29.43244744415847,104.25166931695544,0.0,5.306122448979297
2025-09-30 13:03:00,112848.0,112886.7,112800.0,112875.0,803.3602,-60.568143530603265,-39.812802219493946,-20.75534131110932,113173.6789680601,112775.0924605113,0.003531220443400318,38.76036483741996,102.99797865145842,23.4375,13.118622448979297
2025-09-30 13:04:00,112875.0,112887.5,112800.0,112851.3,644.6188,-59.745942470719456,-43.79943026973905,-15.946512200980408,113158.9720714733,112757.91364281242,0.0035538662705780007,37.09185064776168,101.89098017635425,16.03125000000091,13.156250000000313
2025-09-30 13:05:00,112850.5,112850.5,112755.3,112824.1,427.4411,-60.72452093621541,-47.184448403034324,-13.540072533181089,113141.61337690472,112739.72948023817,0.00356203946378965,35.21809420001075,101.47019587804323,18.864820400329986,19.444523466776975
2025-09-30 13:06:00,112825.4,112848.0,112750.0,112819.2,591.9337,-60.44614256823843,-49.83678723607515,-10.609355332163275,113115.38269318282,112728.7030211029,0.0034274278853237525,34.876290481239806,101.22232474389729,18.702702702701917,17.866257701010948
2025-09-30 13:07:00,112819.2,112848.0,112755.3,112819.2,636.6447,-58.76118610227422,-51.62166700931497,-7.1395190929592545,113083.07226871722,112724.77058842563,0.003175892758427603,34.876290481239806,100.61358726219012,19.63120567375804,19.066242925596658
2025-09-30 13:08:00,112819.2,112850.4,112750.0,112828.0,675.8403,-55.167606666480424,-52.33085494074806,-2.8367517257323627,113046.49379382754,112728.53477760102,0.0028180860799316048,36.16666106288506,100.59833102917614,25.23455192494291,21.189486767134298
2025-09-30 13:09:00,112828.0,112850.4,112755.3,112819.2,637.6393,-52.298771336398204,-52.3244382198781,0.025666883479892988,113015.67861575834,112730.66424138451,0.0025262931697249223,35.41104914325801,100.20559309852008,22.70341207348964,22.52305655739687
2025-09-30 13:10:00,112819.2,112859.2,112755.3,112819.2,652.7643,-49.02405132209242,-51.66436084032097,2.6403095182285483,112975.1371437692,112742.51999908792,0.0020618577749290943,35.41104914325801,100.46947930576823,23.862068965516237,23.93334432131627
2025-09-30 13:11:00,112819.2,112889.3,112755.3,112875.0,912.4788,-39.349576958600665,-49.20140406397691,9.851827105376245,112926.1440386728,112772.1273898986,0.0013644885827172528,44.01302605248485,102.86451649821336,44.98020870816935,30.515229915725087
2025-09-30 13:12:00,112875.0,112886.7,112800.0,112874.2,755.154,-31.778345868806355,-45.7167924249428,13.938446556136448,112922.81715973263,112773.19712598168,0.001325546792366642,43.92270902576774,101.70990817691221,63.07770441848693,43.97332736405752
2025-09-30 13:13:00,112874.2,112886.2,112763.0,112864.6,582.0344,-26.825930649458314,-41.9386200698459,15.11268942038759,112898.84994601272,112786.96433970155,0.0009913259455238785,42.78802084489101,103.24491473570399,58.20213306247293,55.420015396376414
2025-09-30 13:14:00,112864.6,112902.7,112768.7,112814.1,698.9252,-28.350781099055894,-39.22105227568791,10.870271176632016,112898.42510503072,112782.54632354072,0.0010271657664245764,37.32544768224821,105.44170654029655,34.96999454446525,52.08327734180838
2025-09-30 13:15:00,112814.1,112897.6,112800.0,112874.2,683.6795,-22.02720162968035,-35.782282146486395,13.755080516806046,112895.70645971256,112783.90782600173,0.0009904711059819736,46.1384117747569,104.8815846445615,81.33595284872263,58.16936015188694
2025-09-30 13:16:00,112874.2,112900.0,112800.1,112875.0,607.4349,-17.0225738081499,-32.0303404788191,15.007766670669199,112898.91517989202,112791.41339153655,0.0009523967960617348,46.24676343677792,104.52575716994954,81.85985592665513,66.05526777328102
2025-09-30 13:17:00,112875.0,112930.2,112812.5,112875.0,724.5407,-13.142273738747463,-28.252727130804775,15.110453392057313,112898.91517989202,112791.41339153655,0.0009523967960617348,46.24676343677792,105.46677451495293,69.3673695893463,77.52105945490803
2025-09-30 13:18:00,112875.0,112898.8,112800.1,112883.0,715.646,-9.246207672505989,-24.45142323914502,15.20521556663903,112904.92313899723,112789.9340038599,0.0010186576821782074,47.47226663686344,104.98343347817037,73.80688124306445,75.01136891968865
2025-09-30 13:19:00,112883.0,112900.0,112800.0,112877.8,655.1023,-6.902107486646855,-20.94156008864539,14.039452601998534,112909.22872071464,112793.29985071391,0.001027029849985834,46.72655379415075,104.62747394401535,70.92119866814926,71.36514983352002
2025-09-30 13:20:00,112877.8,112909.1,112800.0,112866.7,777.8773,-6.344405938740238,-18.022129258664357,11.67772331992412,112909.97716725981,112799.33711845445,0.0009802718499376903,45.098032042437225,104.94694009087182,64.76137624861208,69.82981871994194
2025-09-30 13:21:00,112864.6,112919.6,112800.1,112883.7,625.0476,-3.913293610836263,-15.200362129098739,11.287068518262476,112912.52193516408,112806.00663626447,0.0009435844050080959,48.082417398782596,105.98644437009526,74.19533851276319,69.9593044765082
2025-09-30 13:22:00,112883.7,112920.0,112800.0,112883.7,684.9837,-2.1359000603988534,-12.587469715358761,10.451569654959908,112914.68953341956,112811.79618086613,0.0009114987598158373,48.0824173987826,106.98741262937416,73.41337907375555,70.79003127837696
2025-09-30 13:23:00,112883.7,112922.3,112800.1,112875.0,641.5238,-1.8210131598461885,-10.434178404256247,8.613165244410059,112912.0528684105,112822.40427444664,0.0007942289609200572,46.57961264907044,108.07402601299009,68.43910806175019,72.01594188275631
2025-09-30 13:24:00,112875.0,112920.7,112800.1,112883.7,606.4654,-0.5916836197138764,-8.465679447347773,7.873995827633896,112907.53515020464,112836.13627836682,0.0006324993939587746,48.3191377467468,108.96873844063303,73.41337907375555,71.75528873642044
2025-09-30 13:25:00,112883.7,112920.5,112800.0,112883.0,660.9311,0.19505491715972312,-6.733532574446274,6.928587491605997,112908.5888747799,112836.22541093442,0.0006410483761548003,48.18318666848861,109.79239998058782,71.77033492823091,71.2076073545789
2025-09-30 13:26:00,112883.0,112909.1,112800.1,112883.0,624.3564,0.7341567471885355,-5.239994710119313,5.9741514573078485,112909.6650539594,112836.40637461202,0.000648978848430452,48.18318666848861,109.73579998197441,71.77033492823091,72.31801631007248
2025-09-30 13:27:00,112883.0,112928.9,112800.1,112874.2,606.7362,0.11096401861868799,-4.169802964371713,4.280766982990401,112910.0208242266,112837.42203291626,0.000643183219108803,46.28450102859936,111.09752855468969,65.3250773993808,69.62191575194755
2025-09-30 13:28:00,112826.6,112920.4,112800.0,112883.7,868.1239,0.7329304280428914,-3.1892562858887925,3.922186713931684,112889.66019615174,112867.72551813397,0.00019431218163271552,48.637539268942724,111.76199080078287,64.28571428571348,67.12704220444175
2025-09-30 13:29:00,112883.7,112933.3,112813.3,112883.0,693.6224,1.0670570709189633,-2.3379936145272415,3.405050685446205,112890.18537467478,112868.45748246809,0.00019248152694994588,48.46905744198719,112.35042002929838,62.26556639159654,63.958786025563626
2025-09-30 13:30:00,112883.0,112951.7,112805.0,112944.0,782.0244,8.049488896329422,-0.260497112355909,8.30998600868533,112920.61984087044,112847.88015912956,0.0006440331645848694,61.111239675540226,114.80396145577686,94.92419248516991,73.82515772082665
2025-09-30 13:31:00,112944.0,112957.1,112859.2,112930.2,538.096,11.144763025091379,2.0205549151335487,9.12420810995783,112931.69396661084,112844.69174767488,0.0007704070207611322,57.66459029805862,113.59653563750771,82.8771483131714,80.02230239664597
2025-09-30 13:32:00,112930.2,112949.7,112819.0,112921.9,606.7278,12.087304076456348,4.033904747398109,8.053399329058239,112937.95758717103,112843.9852699718,0.0008321885940568017,55.63229560924281,114.81821166339981,77.59388924251411,85.13174334695182
2025-09-30 13:33:00,112921.9,112944.0,112800.1,112883.0,486.8981,8.118263221200323,4.850776442158552,3.2674867790417705,112937.9524988487,112844.73321543698,0.0008258044471861651,47.230761227611076,116.89548225887084,52.83259070655438,71.10120942074664
2025-09-30 13:34:00,112840.0,112883.0,112750.0,112768.7,617.2726,-7.526215968144243,2.3753779600979934,-9.901593928242235,112964.98452565202,112803.70118863371,0.0014302136764750065,31.958595568681545,118.04580495466578,9.029454369867969,46.48531143964549
2025-09-30 13:35:00,112818.3,112866.8,112761.9,112828.1,568.3744,-11.556319704774069,-0.4109615728764191,-11.14535813189765,112966.56782930798,112794.17502783486,0.0015279243510536906,42.385032086219795,117.106818886476,37.7112506035749,33.19109855999909
2025-09-30 13:36:00,112828.1,112880.0,112761.9,112840.0,628.0476,-12.735000813918305,-2.8757694210847964,-9.859231392833507,112966.11374359058,112788.38625640942,0.0015750397658735183,44.22884754863573,117.17776039458529,43.4572670207617,30.06599066473487
2025-09-30 13:37:00,112840.0,112866.7,112761.9,112761.9,605.1748,-21.913224770512898,-6.683260490970417,-15.22996427954248,112977.79292782424,112760.54992931864,0.0019265638349973996,36.07018065868617,116.29363465211512,5.746016417186791,28.971511347174474
2025-09-30 13:38:00,112761.9,112888.0,112761.9,112828.1,748.446,-20.36204072147666,-9.419016537071666,-10.943024184404994,112975.62620205332,112754.77379794668,0.0019574237632880567,45.28363440659049,116.9940893198216,37.7112506035749,28.971511347174474
2025-09-30 13:39:00,112828.1,112921.9,112761.9,112813.3,882.4557,-20.43129518828937,-11.621472267315209,-8.80982292097416,112973.50568001404,112746.93717712878,0.0020083492184455234,43.76506390597823,120.06594008269148,30.564944471270465,24.674070497344065
2025-09-30 13:40:00,112813.3,112913.3,112800.0,112883.7,771.3722,-12.152476173025207,-11.72767304845721,-0.4248031245679975,112973.60064060397,112746.9422165389,0.002007893292522038,52.009234795428405,119.58265864821372,64.55818445195236,44.27812650893259
2025-09-30 13:41:00,112840.0,112956.3,112812.5,112883.0,1030.5743,-6.206564849577262,-10.62345140868122,4.416886559103958,112974.66898303104,112747.13101696895,0.0020156973686213334,51.92771744097156,121.31246874477009,64.22018348623672,53.114437469819855
2025-09-30 13:42:00,112848.0,112900.0,112800.1,112883.0,632.2722,-1.9425628272001632,-8.887273692385008,6.944710865184845,112974.57541503514,112747.12458496484,0.002014925454411221,51.92771744097156,119.78300669157181,64.22018348623672,64.33285047480861
2025-09-30 13:43:00,112883.0,112924.5,112800.1,112883.0,545.561,1.053353702518507,-6.899148213404306,7.952501915922813,112974.57541503514,112747.12458496484,0.002014925454411221,51.92771744097156,120.11279192788768,64.22018348623672,64.22018348623672
2025-09-30 13:44:00,112883.0,112900.0,112768.7,112883.0,688.5829,3.0985959032550454,-4.899599390072437,7.998195293327482,112960.54288369216,112752.44283059353,0.0018435021491157643,51.92771744097156,120.91187821875306,64.22018348623672,64.22018348623672
2025-09-30 13:45:00,112883.0,112933.4,112800.0,112883.0,816.2748,4.436081970343366,-3.0324631179892765,7.468545088332643,112949.48685611112,112756.75600103172,0.0017073505760778582,51.92771744097156,121.80388691741314,64.46921958313045,64.30319551853465
2025-09-30 13:46:00,112864.8,112945.0,112812.0,112875.0,716.6249,4.362341918691527,-1.553502110653116,5.915844029344643,112938.6392016948,112760.90365544807,0.0015746227795944538,50.61443136843614,122.60360928045506,60.59137178865644,63.09359161934122
2025-09-30 13:47:00,112875.0,112972.0,112819.0,112946.9,862.3472,12.192537884999183,1.195705888477344,10.99683199652184,112956.46065063777,112752.21077793368,0.0018083707716112151,60.32600534784126,124.77478004613684,88.69369369369107,71.25142835515933
2025-09-30 13:48:00,112946.9,112972.0,112859.2,112944.0,778.1199,16.98273416083248,4.353111542948371,12.629622617884108,112966.65960424926,112767.05468146503,0.0017672910715419185,59.81508397338601,123.91943861427013,86.67301285102369,78.6526927777904
2025-09-30 13:49:00,112944.0,112979.8,112859.2,112944.0,698.9371,19.875148026592797,7.457518839677256,12.41762918691554,112980.30081270213,112769.97061586933,0.0018622520614888923,59.81508397338601,123.6823358561084,83.57044515832884,86.31238390101454
2025-09-30 13:50:00,112944.0,112966.7,112840.0,112946.9,631.0463,21.70631938992301,10.307278949726406,11.399040440196604,112992.48008319785,112773.06277394501,0.0019426589773852694,60.20595809941148,123.8978832949576,84.901330885724,85.04826296502551
2025-09-30 13:51:00,112936.4,112986.0,112859.2,112920.5,700.0953,19.503022569755558,12.146427673732237,7.356594896023321,112979.63531902056,112808.56468097943,0.0015149652901034658,54.96455912687601,124.10517734531798,70.77197679607394,79.7479176133756
2025-09-30 13:52:00,112920.5,112945.0,112833.0,112930.2,622.6744,18.5759772973106,13.432337598447912,5.143639698862689,112979.62400646944,112823.16170781627,0.001385477920460389,56.46426508893263,123.2405218206524,75.10040160642505,76.924569762741
2025-09-30 13:53:00,112883.7,112916.7,112819.0,112883.0,540.8078,12.231946558400523,13.192259390438434,-0.9603128320379106,112966.97554229289,112845.76731484996,0.0010737509407344483,48.07496673868704,122.38048454774845,52.60009203865687,66.15749014705197
2025-09-30 13:54:00,112883.0,112944.0,112800.1,112800.1,623.8444,-1.6671844847587636,10.220370615398995,-11.887555100157758,112983.53355640148,112817.26644359854,0.001473997920240735,37.52843566505101,123.91759279433744,14.450069028996001,47.38352089135932
2025-09-30 13:55:00,112850.4,112886.2,112763.0,112828.0,535.1374,-8.135295218671672,6.5492374485848615,-14.684532667256534,112988.11699965892,112804.82585748394,0.001624518223977861,42.129734846427404,123.86633616617027,29.14798206278027,32.06604771014439
2025-09-30 13:56:00,112828.0,112907.1,112763.0,112896.0,592.4392,-4.850648436724441,4.269260271523001,-9.119908708247442,112988.71271652928,112806.08728347074,0.0016176430791040972,51.5050160713211,125.3115978685871,59.64125560538117,34.413102232385825
2025-09-30 13:57:00,112896.0,112907.1,112828.0,112883.7,444.5379,-3.826679095203872,2.6500723981776266,-6.4767514933814985,112988.72872219172,112806.17127780827,0.001617217050676479,49.92934492649002,122.01076944940272,54.12556053811529,47.638266068758924
2025-09-30 13:58:00,112883.7,112917.3,112828.0,112883.7,499.0262,-3.0242637703195214,1.5152051644781972,-4.539468934797719,112988.74459436018,112806.25540563982,0.0016166123959469414,49.92934492649002,119.67428591730274,54.12556053811529,55.96412556053726
2025-09-30 13:59:00,112883.7,112986.0,112828.0,112966.7,850.0457,6.827387905403157,2.577641712663189,4.249746192739968,113001.50989716152,112805.44724569561,0.00173557917037418,59.60150703675366,122.41183692320968,91.34529147981932,66.53213751868331
2025-09-30 14:00:00,112966.7,112993.2,112900.0,112965.2,416.0818,13.303162202064414,4.722745810543435,8.580416391520979,113011.76252648857,112808.08033065431,0.0018030525846390085,59.378270289455884,120.32527714298021,87.83666377063408,77.7691719295229
2025-09-30 14:01:00,112920.0,113304.3,112900.0,113304.3,3435.5423,55.12954536515463,14.804105721465675,40.32543964368895,113172.22034363491,112698.67965636506,0.004179370838263432,78.75280456044172,140.60918591848184,100.0,93.06065175015114
2025-09-30 14:02:00,113304.3,113317.6,113200.1,113210.2,1900.9462,72.22977211086254,26.28923899934505,45.940533111517496,113234.145078092,112674.78349333658,0.004940911549978866,68.92817554947695,138.95852978144742,80.63469166967046,89.49045181343486
2025-09-30 14:03:00,113203.8,113249.2,113138.0,113249.0,920.8519,86.57981104342616,38.34735340816127,48.23245763526489,113297.84049367954,112654.65950632046,0.005679352465444134,70.55907920234378,136.97577765420098,87.63072484673546,89.42180550546864
2025-09-30 14:04:00,113249.0,113250.0,113097.0,113097.0,1415.4249,77.47416361300566,46.17271544913015,31.301448163875506,113314.43905979635,112659.50379734651,0.005790916314754966,57.76707786792754,138.1203649646152,60.223584565451944,76.16300036061931
2025-09-30 14:05:00,113097.0,113097.0,112958.0,113000.0,2284.0818,58.488181102788076,48.635808579861745,9.85237252292633,113317.84917147046,112667.45082852956,0.005755737548149541,51.367034523421836,138.18319603857125,42.733501622790754,63.52927034499273
2025-09-30 14:06:00,113000.0,113000.0,112900.0,112948.9,5583.6252,38.24013934007962,46.556674731905325,-8.316535391825703,113318.20949811423,112669.76193045721,0.00574107023314981,48.32931939381899,135.45582489295901,33.519653804542415,45.49224666426172
2025-09-30 14:07:00,112952.2,112952.4,112900.0,112900.0,3451.5878,17.86395887847175,40.81813156121861,-22.954172682746858,113317.71656934191,112672.68343065809,0.005713313894453698,45.55310394155953,129.52326597203296,24.702488279841067,33.65188123572475
2025-09-30 14:08:00,112948.7,112961.5,112875.0,112875.0,8453.2695,0.5578598215797683,32.76607721329084,-32.208217391711074,113311.1167105874,112689.9832894126,0.005502843155479987,44.1565632782363,126.45017554545917,20.194734944103647,26.13895900949572
2025-09-30 14:09:00,112900.0,112900.0,112869.6,112900.0,15245.5446,-8.64284717629198,24.484292335374278,-33.12713951166626,113305.9279878739,112705.45772641181,0.005318602847317015,45.94134667402357,119.58944872078311,24.702488279841067,23.199903834595272
2025-09-30 14:10:00,112900.0,112900.0,112833.3,112884.6,9147.3299,-16.50153726922872,16.28712641445368,-32.7886636836824,113306.48586763523,112703.27127522192,0.005343639366337901,44.9875170665408,115.81163095501267,11.560457516340922,18.819226913428555
2025-09-30 14:11:00,112883.7,112900.0,112828.0,112896.0,975.2548,-20.260593697210425,8.977582392120858,-29.238176089331283,113305.87745323298,112705.63683248132,0.0053167571991183165,45.88322779629106,112.68222874394034,13.888888888888724,16.717278228356914
2025-09-30 14:12:00,112896.0,112900.0,112818.2,112875.0,794.2981,-24.69251928453741,2.2435620567892043,-26.936081341326616,113306.40525344475,112703.8661751267,0.0053381092209793864,44.44756120819885,110.47635526223053,11.373648378054048,12.274331594427906
2025-09-30 14:13:00,112875.0,112896.5,112810.0,112874.2,657.3839,-27.23576365885674,-3.652303086339985,-23.583460572516756,113307.56882705895,112689.48831579823,0.005475835144441507,44.39057814282975,108.76375845778549,12.64775413711512,12.636763801352641
2025-09-30 14:14:00,112874.2,112900.0,112800.0,112866.7,1221.9034,-29.15490140755719,-8.752822750583427,-20.402078656973764,113308.37137049627,112674.61434378942,0.005615093085089325,43.82334789242017,108.13777571080081,12.88639876352325,12.302600426230816
2025-09-30 14:15:00,112866.7,112883.0,112763.0,112828.0,602.281,-34.06183858177974,-13.814625916822688,-20.24721266495705,113227.48126172577,112687.46159541709,0.004786220320387516,40.917879929750214,108.98507744574361,11.720158672917295,12.418103857851898
2025-09-30 14:16:00,112818.3,112866.8,112750.0,112845.1,610.7194,-34.71325592242647,-17.994351917943447,-16.718904004483022,113163.26377171604,112699.52194256967,0.004109543339909035,42.72483242771999,109.54328619961927,19.020000000001165,14.542185812147245
2025-09-30 14:17:00,112797.4,112877.2,112750.0,112832.0,648.5559,-35.76205665367888,-21.547892865090535,-14.214163788588348,113047.16840495997,112756.04588075432,0.0025801414865078477,41.67333363947279,110.8044800425034,16.4,15.713386224306163
2025-09-30 14:18:00,112832.0,112848.0,112750.0,112819.2,569.6554,-37.026361933210865,-24.643586678714602,-12.382775254496263,112979.56332060188,112783.96525082667,0.001733730338233291,40.621356770013165,109.88987432518172,19.942363112391092,18.454121037464095
2025-09-30 14:19:00,112819.2,112907.0,112755.3,112881.4,803.8542,-30.075107263910468,-25.729890795753775,-4.345216468156693,112942.89607851183,112803.68963577387,0.0012332097470260988,47.55014570772302,112.87631187338282,52.55999999999767,29.634121037462933
2025-09-30 14:20:00,112881.4,112889.3,112798.5,112877.8,908.6789,-24.92670632553927,-25.569253901710876,0.6425475761716051,112922.40456713017,112814.02400429841,0.0009601583556001633,47.20680251068557,111.29943245385569,60.425531914895,44.30929834242793
2025-09-30 14:21:00,112877.8,112900.0,112800.0,112874.2,617.2726,-21.15184379220591,-24.685771879809884,3.533928087603975,112917.50499191225,112815.23786523059,0.0009060274773301734,46.842550621558416,110.49233013572314,58.723404255317774,57.236312056736814
2025-09-30 14:22:00,112874.2,112886.7,112800.0,112874.2,746.4786,-18.01979453972308,-23.352576411792526,5.332781872069447,112917.40713942134,112815.22143200722,0.0009053061498031907,46.842550621558416,108.79287798317127,79.10828025477521,66.08573880832934
2025-09-30 14:23:00,112874.2,112886.7,112800.0,112874.2,645.8266,-15.409493956787628,-21.76395992079155,6.354465964003921,112911.98618206893,112816.95667507393,0.0008419063611967432,46.84255062155841,107.21481527008739,79.10828025477521,72.3133215882894
2025-09-30 14:24:00,112874.2,112893.4,112800.0,112874.2,627.8598,-13.224360369655187,-20.056040010564278,6.8316796409090905,112910.17645835497,112817.28068450217,0.0008230027220817246,46.84255062155841,106.22804275079501,79.10828025477521,79.10828025477521
2025-09-30 14:25:00,112874.2,112891.4,112798.5,112800.0,641.9262,-19.631567757067387,-19.9711455598649,0.33957780279751404,112910.73524016993,112803.00761697291,0.000955032120540933,38.588059491868094,105.27603969716638,31.84713375796178,63.35456475583741
2025-09-30 14:26:00,112848.0,112920.0,112798.5,112900.0,853.5718,-12.465400821020012,-18.469996612095926,6.004595791075914,112916.70580950781,112800.60847620646,0.0010283200469561869,51.095750571507956,106.43489400451165,88.23529411764706,66.39690271012803
2025-09-30 14:27:00,112920.0,112966.7,112900.0,112960.0,1083.3276,-0.5365594622562639,-14.883309182127995,14.346749719871731,112944.55463680525,112785.01679176617,0.0014123392797368167,56.78314581373386,103.59668728990346,96.90816797415913,72.33019861658933
2025-09-30 14:28:00,112920.0,112999.0,112900.0,112966.7,544.7846,8.468233562642126,-10.213000633173971,18.681234195816096,112968.92692708441,112774.93021577272,0.0017172911248331344,57.37921475769,103.26835248348178,87.02811244979803,90.72385818053475
2025-09-30 14:29:00,112966.7,112992.8,112900.0,112968.7,462.201,14.706899516560952,-5.229020603226987,19.935920119787937,112988.30487026827,112775.65227258886,0.0018824028043113476,57.56735570107906,102.52061302037615,87.83132530120365,90.58920190838694
2025-09-30 14:30:00,112968.7,113028.6,112900.0,112968.8,937.138,18.668029076885432,-0.44961066720450305,19.117639744089935,113004.42344995713,112777.20512147143,0.002011337010623304,57.57743925066969,104.38342637606398,78.53553481694125,84.46499085598099
2025-09-30 14:31:00,112968.8,113043.5,112949.7,112957.0,2540.8526,19.634537684600218,3.5672190031564415,16.067318681443776,113013.08186057932,112786.40385370638,0.002006763696565438,55.889675630377646,103.62746734920248,70.52810902896081,78.96498971570192
2025-09-30 14:32:00,113000.0,113043.2,112946.9,112949.7,907.7167,19.0068266557646,6.655140533678074,12.351686122086525,113014.91912417235,112803.20944725622,0.0018743713079019152,54.819101548038525,103.10407682425965,67.45315752949207,72.17226712513138
2025-09-30 14:33:00,113000.0,113051.9,112944.0,113010.7,628.8604,24.88132701467839,10.300377829878137,14.580949184800254,113035.95160474892,112800.64839525109,0.0020821321299472188,61.46210898544846,103.44664276538354,83.74112075769612,73.90746243871634
2025-09-30 14:34:00,113051.9,113057.7,112933.4,112946.9,543.5616,21.23946733653429,12.48819573120937,8.75127160532492,113039.31950094433,112807.15192762711,0.0020555462196591144,52.729585535297836,104.93616828214206,57.25308641975148,69.48245490231324
2025-09-30 14:35:00,112995.5,113030.4,112900.0,112900.0,679.2449,12.986096019900288,12.587775788947553,0.3983202309527343,113038.5383384167,112811.61880444044,0.0020099161556799503,47.398300312306326,106.7550134048458,39.15895061728439,60.051052598244006
2025-09-30 14:36:00,112900.0,113040.0,112900.0,112946.9,556.1159,12.170528294314863,12.504326290021016,-0.33379799570615276,113040.22040128155,112820.32245586131,0.001946914394465315,52.563368780533565,109.12965530449968,57.25308641975148,51.22170781892913
2025-09-30 14:37:00,112946.9,113014.4,112900.0,112946.9,468.2366,11.306172131095082,12.264695458235831,-0.9585233271407496,113040.66217744704,112830.26639398154,0.001862784932260214,52.56336878053357,109.506108497035,57.25308641975148,51.22170781892913
2025-09-30 14:38:00,112995.5,113055.0,112933.4,112946.9,675.6106,10.429427817478427,11.897641930084351,-1.4682141126059243,113039.68531157705,112841.62897413722,0.0017535349570447125,52.563368780533565,110.36995789010435,57.25308641975148,57.25308641975148
2025-09-30 14:39:00,112995.5,113024.5,112900.0,112900.0,418.8187,4.3546557533263694,10.389044694732755,-6.034388941406386,113010.01075630492,112885.58924369508,0.0011020505988471431,46.82123601392281,111.37924661223975,39.15895061728439,51.22170781892913
2025-09-30 14:40:00,112948.9,113000.1,112900.0,112900.0,523.2827,0.047290974311181344,8.320693950648442,-8.27340297633726,113010.01075630492,112885.58924369508,0.0011020505988471431,46.82123601392281,110.57358613993733,0.0,32.137345679011965
2025-09-30 14:41:00,112946.6,113040.3,112900.0,112946.9,849.8902,2.2793032018089434,7.112415800880543,-4.833112599071599,113008.66790636088,112885.06066506766,0.001094383655445273,52.80109971322949,112.6969014156563,29.74001268230504,22.96632109986315
2025-09-30 14:42:00,112946.9,113063.6,112933.4,112946.9,673.0752,3.76614367509319,6.443161375723072,-2.6770177006298823,113006.17008337466,112884.7299166253,0.0010751969885791572,52.80109971322949,113.94712274311026,28.667481662587107,19.469164781630724
2025-09-30 14:43:00,112995.5,113033.3,112930.0,112946.9,653.3822,4.701091565875686,6.094747413753595,-1.393655847877909,113003.10958387631,112884.6761304094,0.001048576397111544,52.80109971322949,113.18661397574544,28.667481662587107,29.024992002493093
2025-09-30 14:44:00,112995.5,113040.0,112933.4,112946.9,672.0566,5.231398957883357,5.922077722579548,-0.6906787646961909,112999.80258990669,112884.85455295043,0.0010177175022621392,52.80109971322949,112.71614154890689,28.667481662587107,28.667481662587107
2025-09-30 14:45:00,112995.5,113129.9,112925.0,113040.0,1517.3132,15.813305328716524,7.900323243806944,7.91298208490958,113026.26652883107,112870.24775688321,0.0013802085274934209,63.699856473917094,119.30070286684169,60.89604175728732,39.410335027487186
2025-09-30 14:46:00,113080.0,113194.0,113055.0,113055.0,1082.1669,24.405405897952733,11.201339774636102,13.20406612331663,113052.85816931113,112858.69897354601,0.0017173870750088482,65.09821638000443,121.77922409063872,52.72108843537415,47.42820395174954
2025-09-30 14:47:00,113055.0,113150.0,113033.3,113066.8,1398.5065,31.054132071803906,15.171898234069664,15.882233837734242,113070.62837439473,112848.94305417669,0.001960657949265704,66.20124493777902,121.41642236987862,56.73469387755201,56.78394135673784
2025-09-30 14:48:00,113066.8,113180.0,113044.0,113074.5,804.9266,35.739569128505536,19.28543241295684,16.454136715548696,113095.44111308208,112842.35888691791,0.0022381900973621224,66.935578643871,122.45810648631586,59.35374149659864,56.269841269841606
2025-09-30 14:49:00,113120.0,113450.0,113030.4,113400.0,3430.0804,74.26309180651151,30.28096429166778,43.98212751484373,113264.29515389692,112744.93341753162,0.004579909491757521,83.37714761046698,143.68252745157943,90.9090909090909,68.99917542774719
2025-09-30 14:50:00,113400.0,113500.0,113385.4,113385.4,5680.9556,97.4407595392986,43.71292334119394,53.727836198104654,113364.1625435138,112707.70888505761,0.005789578362436315,81.42142359180076,141.60520406218131,80.89999999999903,77.05427746856286
2025-09-30 14:51:00,113400.1,113411.5,113319.0,113319.0,1151.1848,103.6811036622239,55.70655940539994,47.97454425682396,113419.38949793861,112705.63907348995,0.00629859444972743,73.03128066202328,138.09768948631122,69.83333333333333,80.54747474747442
2025-09-30 14:52:00,113360.0,113380.0,113318.2,113323.7,111.1514,105.95761061973462,65.75676964826688,40.20084097146774,113465.51841534913,112713.338727508,0.006637443781319583,73.24146841482013,132.64785452300347,70.61666666666618,73.78333333333285
